{
  "volume": 0.974,
  "description": "Is Vector Cost: 1, Metric: <function collision_test at 0x7cdc91220c10>, Scenario: inside_edge",
  "boundary": {
    "boundary_points": [
      [
        0.7512441239890968,
        0.1570938624716173,
        0.17501036431907463
      ],
      [
        0.7505187458614374,
        0.2270882354797415,
        0.17552180715213536
      ],
      [
        0.7519695021167562,
        0.08709948946349311,
        0.1744989214860139
      ],
      [
        0.8171744563653115,
        0.15760530530467803,
        0.1985248215526654
      ],
      [
        0.6853137916128821,
        0.15658241963855657,
        0.15149590708548386
      ],
      [
        0.7740275761031524,
        0.22781361360740088,
        0.10959147477592067
      ],
      [
        0.7740275761031523,
        0.22781361360740088,
        0.10959147477592067
      ],
      [
        0.7754783323584712,
        0.08782486759115246,
        0.10856858910979922
      ],
      [
        0.7754783323584712,
        0.08782486759115246,
        0.10856858910979919
      ],
      [
        0.8164490782376521,
        0.22759967831280223,
        0.19903626438572614
      ],
      [
        0.8178998344929709,
        0.08761093229655384,
        0.19801337871960467
      ],
      [
        0.8831047887415262,
        0.15811674813773877,
        0.22203927878625615
      ],
      [
        0.7014241251015698,
        0.20658883523049418,
        0.10523776667182597
      ],
      [
        0.6860391697405415,
        0.08658804663043237,
        0.15098446425242312
      ],
      [
        0.6220707532220977,
        0.15570785515011773,
        0.18148846002879515
      ],
      [
        0.8230081521091053,
        0.27782264439338195,
        0.10959521267214438
      ],
      [
        0.7735161332700917,
        0.2283197702569273,
        0.03959517321880515
      ],
      [
        0.7080972437269376,
        0.22730217077434012,
        0.08607701754232995
      ],
      [
        0.8454727053665954,
        0.08854646982275609,
        0.1090853457439322
      ],
      [
        0.77635289684691,
        0.038696773912425736,
        0.058712139693000424
      ],
      [
        0.8414086647346859,
        0.0883363104242132,
        0.13208304634339
      ],
      [
        0.7284969025539203,
        0.03801119678601994,
        0.09403093268113275
      ],
      [
        0.8325594117263397,
        0.27760609390473984,
        0.15277812397206825
      ],
      [
        0.8823794106138668,
        0.22811112114586296,
        0.22255072161931688
      ],
      [
        0.8414086647346859,
        0.0883363104242132,
        0.13208304634339
      ],
      [
        0.8838301668691856,
        0.08812237512961457,
        0.22152783595319542
      ],
      [
        0.9490351211177409,
        0.1586281909707995,
        0.24555373601984687
      ],
      [
        0.6544426952970189,
        0.2329978157056652,
        0.06056886245667764
      ],
      [
        0.7031753428152139,
        0.03760747062447943,
        0.10400303444787225
      ],
      [
        0.622796131349757,
        0.08571348214199354,
        0.18097701719573442
      ],
      [
        0.6007530345075485,
        0.2053118929770156,
        0.13693518517637776
      ],
      [
        0.5561376073499451,
        0.1556457028449317,
        0.15797641178768254
      ],
      [
        0.8930006758957872,
        0.27855292247616753,
        0.1088787575845323
      ],
      [
        0.822288600614436,
        0.27811631340044485,
        0.03959952706109539
      ],
      [
        0.7081857177298713,
        0.22721434091717035,
        0.01607712855479658
      ],
      [
        0.9154670783747195,
        0.0892680720543597,
        0.10960210237806517
      ],
      [
        0.8459841481996561,
        0.08906322645688906,
        0.039089121639987914
      ],
      [
        0.8984897441025544,
        0.27811753673780054,
        0.176292581205659
      ],
      [
        0.9483097429900815,
        0.2286225639789237,
        0.24606517885290763
      ],
      [
        0.9073389971109006,
        0.08884775325727393,
        0.15559750357698074
      ],
      [
        0.9661712941924132,
        0.10964761496484657,
        0.19857230621529598
      ],
      [
        0.6818576241006647,
        0.0539721568491098,
        0.03936750309261257
      ],
      [
        0.6016923479298064,
        0.0363233796096943,
        0.13608550243834636
      ],
      [
        0.5568629854776044,
        0.08565132983680751,
        0.15746496895462175
      ],
      [
        0.5540873116399241,
        0.20245153848964256,
        0.08483788504049117
      ],
      [
        0.5261413615496601,
        0.15570327907030745,
        0.09472910415433615
      ],
      [
        0.9419807939021723,
        0.3285624019298492,
        0.10888096040046646
      ],
      [
        0.8926995315008122,
        0.2788509516189731,
        0.038880039805679986
      ],
      [
        0.9854614513828437,
        0.0899896742859633,
        0.11011885901219814
      ],
      [
        0.9159785212077802,
        0.08978482868849268,
        0.03960587827412089
      ],
      [
        0.9475843648624221,
        0.2986169369870479,
        0.24657662168596836
      ],
      [
        0.6216937959889548,
        0.0576407291625612,
        0.07248115759007301
      ],
      [
        0.49093024410891156,
        0.0854566673158195,
        0.13395251008465264
      ],
      [
        0.5426984227704406,
        0.21123882822766513,
        0.016331850639289713
      ],
      [
        0.4961456921349634,
        0.15562834532550754,
        0.03148154134518023
      ],
      [
        0.9776417816057963,
        0.2938065988258918,
        0.15807779064999494
      ],
      [
        0.9770426080680157,
        0.29405114008369004,
        0.05908495661315738
      ],
      [
        0.9859728942159044,
        0.09050643092009628,
        0.040122634908253865
      ],
      [
        0.971093195104137,
        0.29934231511470727,
        0.18064628930975363
      ],
      [
        0.5517025223170897,
        0.056722920712369874,
        0.07186533501916931
      ],
      [
        0.6916850696608199,
        0.05855853761275253,
        0.07309698016097671
      ],
      [
        0.6222902952928033,
        0.05910813309819716,
        0.002499081925870325
      ],
      [
        0.5077507102466574,
        0.03615499243235877,
        0.08719337437199766
      ],
      [
        0.42499750274021875,
        0.08526200479483148,
        0.11044005121468355
      ],
      [
        0.6019598149168397,
        0.17682156062447335,
        0.0020651379274911792
      ],
      [
        0.4328989608872054,
        0.15529547472286478,
        0.061477210759876916
      ],
      [
        0.9284461877697021,
        0.27672834664634827,
        0.2048552088088242
      ],
      [
        0.9272504177785803,
        0.2772137050334387,
        0.012854679011684758
      ],
      [
        0.5531619222934421,
        0.058201529081694264,
        0.0018961713182990003
      ],
      [
        0.6922815689646685,
        0.060025941548388514,
        0.0031149044967739904
      ],
      [
        0.48649944889173913,
        0.05239488549035293,
        0.02250450543544974
      ],
      [
        0.44181796887796454,
        0.03596032991137075,
        0.06368091550202856
      ],
      [
        0.35906476137152593,
        0.08506734227384348,
        0.08692759234471446
      ],
      [
        0.6283442805940984,
        0.21720016862981983,
        0.05279410387867266
      ],
      [
        0.3628997924486033,
        0.15496252428463364,
        0.06155178897315102
      ],
      [
        0.4331873221066795,
        0.10574585328217499,
        0.11092164283156158
      ],
      [
        0.7622601682171432,
        0.06092558811884074,
