{
  "volume": 0.975,
  "description": "Is Vector Cost: 1, Metric: <function pass_test at 0x7c99a9c552d0>, Scenario: outside_edge",
  "boundary": {
    "boundary_points": [
      [
        0.09456729934276292,
        0.873613662261763,
        0.30422272930318844
      ],
      [
        0.028956191876729473,
        0.8858475487888657,
        0.3253299460198137
      ],
      [
        0.1347171261296602,
        0.896462160801498,
        0.2516305481023496
      ],
      [
        0.11730936839900231,
        0.9262058434626018,
        0.3444329366090377
      ],
      [
        0.11570712077643641,
        0.8080351595127777,
        0.2918708902921852
      ],
      [
        0.12588644823258746,
        0.9410087038433559,
        0.19836118888996507
      ],
      [
        0.11357730469598673,
        0.9620406635504832,
        0.2639823871133527
      ],
      [
        0.11197505707342079,
        0.843869979600659,
        0.21142034079650046
      ],
      [
        0.05169826093296884,
        0.9384397299897046,
        0.3655401533256629
      ],
      [
        0.14005143745524168,
        0.9787980246634407,
        0.3846431439148869
      ],
      [
        0.10690904759641195,
        0.7426707999769582,
        0.3153249818497588
      ],
      [
        0.10949307881241806,
        0.7852294351188764,
        0.22598246477344297
      ],
      [
        0.07119313926967397,
        0.8314892510703513,
        0.34053721375743756
      ],
      [
        0.11365256170548468,
        0.9769071672029128,
        0.13952555046507398
      ],
      [
        0.10477923151596227,
        0.8821730654184649,
        0.16685161806437465
      ],
      [
        0.14699366494921265,
        0.9998443422682469,
        0.22987075971555548
      ],
      [
        0.11979134666000513,
        0.9848463879443847,
        0.32987081263209483
      ],
      [
        0.08923298801718134,
        0.79127779839982,
        0.17121013349065142
      ],
      [
        0.007151717891110819,
        0.9759987215109602,
        0.4043335504304041
      ],
      [
        0.05360708366697921,
        0.7338727267969336,
        0.27081100034299643
      ],
      [
        0.09912970883245853,
        0.7264039604745793,
        0.1894836415659527
      ],
      [
        0.027281781917640573,
        0.7790484919876869,
        0.3256456227633237
      ],
      [
        0.026679157762911535,
        0.8549433426279248,
        0.38920353722268997
      ],
      [
        0.14512156464357656,
        0.9266534241736514,
        0.10231986318972153
      ],
      [
        0.0980636659142541,
        0.7467312553579623,
        0.22447949270303597
      ],
      [
        0.12938281480407857,
        0.814126296939555,
        0.11861795228981246
      ],
      [
        0.11037280945085479,
        0.7256992956508348,
        0.15885829447964833
      ],
      [
        0.044809010486954785,
        0.6685083672611141,
        0.29426509190057015
      ],
      [
        0.0887663388524992,
        0.6675784858302821,
        0.15298481835846253
      ],
      [
        0.09619355967580498,
        0.6899051372670891,
        0.24914279788414295
      ],
      [
        0.1250632785011414,
        0.8644005000344904,
        0.0773751524647588
      ],
      [
        0.09656122549776461,
        0.9230960818952373,
        0.05202832535324314
      ],
      [
        0.10664074574783915,
        0.761534115738716,
        0.07840774498396338
      ],
      [
        0.10415876748683638,
        0.7028935712569333,
        0.09296986896090619
      ],
      [
        0.014467295626791079,
        0.6110040387415883,
        0.2683299315798206
      ],
      [
        0.07278558011968017,
        0.6361252430889744,
        0.2388697417307494
      ],
      [
        0.07840296887253981,
        0.6087530111859846,
        0.11648599515097302
      ],
      [
        0.10941210625976883,
        0.8610585891147917,
        0.009229188249145204
      ],
      [
        0.13471921053461136,
        0.9661404915146116,
        0.012139141625729918
      ],
      [
        0.09781006785076639,
        0.8060806587805738,
        0.02513838577157884
      ],
      [
        0.08389867669159971,
        0.708941934537877,
        0.038197537678114325
      ],
      [
        0.09379539750687681,
        0.6440680966126358,
        0.05647104575341662
      ],
      [
        0.0444572887998505,
        0.5543934179858229,
        0.2401193320270504
      ],
      [
        0.06803959889258054,
        0.5499275365416868,
        0.07998717194348369
      ],
      [
        0.07546681971588635,
        0.5722541879784953,
        0.1761451514691638
      ],
      [
        0.09272935458867247,
        0.6643953914960192,
        0.09146689689049889
      ],
      [
        0.08343202752691727,
        0.5852426219683379,
        0.01997222254592748
      ],
      [
        0.06366415711313575,
        0.5355697917026498,
        0.1754914177550614
      ],
      [
        0.08713803759961417,
        0.5955474517713335,
        0.20290778563251677
      ],
      [
        0.003955163805344962,
        0.5717043748079138,
        0.18088845601497475
      ],
      [
        0.09055577773416973,
        0.5860358225262107,
        0.1351179057293559
      ],
      [
        0.06258460657361806,
        0.46938420959542804,
        0.1527251424391291
      ],
      [
        0.05305146973815422,
        0.44248517531680903,
        0.08880674714517632
      ],
      [
        0.07944615173900027,
        0.5069079228885348,
        0.09608894168967465
      ],
      [
        0.04572306140823584,
        0.43186049630232126,
        0.20936134318858357
      ],
      [
        0.06533101358159932,
        0.5020318222861243,
        0.05411655202164545
      ],
      [
        0.06766182893528479,
        0.38090507715270244,
        0.058899742710933484
      ],
      [
        0.0568454673587178,
        0.34648467684145956,
        0.11888509396154097
      ]
    ],