{
  "volume": 0.982,
  "description": "Is Vector Cost: 1, Metric: <function bounds_test at 0x7c8559d0cb80>, Scenario: far_tail - full",
  "boundary": {
    "boundary_points": [
      [
        0.10547678373212349,
        0.8157402667684888,
        0.3499854348621374
      ],
      [
        0.043244370551105055,
        0.8444384710224501,
        0.33571869654306385
      ],
      [
        0.043244370551105034,
        0.8444384710224501,
        0.33571869654306385
      ],
      [
        0.08430111068685558,
        0.9010814109932292,
        0.33328529544744434
      ],
      [
        0.08640844404817984,
        0.9333087900279474,
        0.27118090601596484
      ],
      [
        0.11505328446631802,
        0.930326293283922,
        0.3889543233502312
      ],
      [
        0.02632952429472271,
        0.9685058585994726,
        0.263991346555955
      ],
      [
        0.10770653259348519,
        0.9794887297551848,
        0.319282928749994
      ],
      [
        0.11898331139100005,
        0.9987370127449376,
        0.40325566423832604
      ],
      [
        0.0974344079498793,
        0.9174347694732014,
        0.4554628476470167
      ],
      [
        0.04528276792204726,
        0.9530561293483651,
        0.198401100161611
      ],
      [
        0.10136443487456126,
        0.985845488934217,
        0.4697641885351116
      ],
      [
        0.02980209260677008,
        0.9247683959065451,
        0.43896776217690175
      ]
    ],
    "boundary_surface": [
      [
        -0.7776714624128297,
        0.358619782361378,
        -0.17828065288393963
      ],
      [
        -0.20381054741533558,
        -0.7530004948955119,
        -0.6256608629676108
      ],
      [
        0.20381054741533558,
        0.7530004948955122,
        0.6256608629676104
      ],
      [
        -0.29829321877269876,
        0.2557186556294696,
        0.9195809506494137
      ],
      [
        -0.39174555324764304,
        0.8220319200104129,
        0.4132782888014953
      ],
      [
        -0.8611670838303099,
        -0.05614324178117185,
        0.505212024925675
      ],
      [
        0.30425840779007657,
        0.6597134246748194,
        0.6871717533432735
      ],
      [
        -0.8582702821922445,
        0.5028152653075021,
        -0.10270799228585431
      ],
      [
        -0.8611670838303102,
        -0.05614324178117157,
        0.5052120249256747
      ],
      [
        -0.9661759334729881,
        0.10476609190491323,
        -0.2356440781445006
      ],
      [
        0.7010469900102637,
        0.7122652545817676,
        0.03480409333855645
      ],
      [
        -0.9661759334729878,
        0.10476609190491208,
        -0.2356440781445015
      ],
      [
        0.23564407814449848,
        0.7298799843602423,
        -0.641675211353627
      ]
    ]
  }
}